{"stats":{"minecraft:dropped":{"minecraft:zombie_spawn_egg":5,"minecraft:diamond_block":5,"minecraft:tnt":19,"minecraft:pig_spawn_egg":4,"minecraft:nether_star":5,"minecraft:feather":2,"minecraft:barrier":1,"minecraft:structure_block":1,"minecraft:comparator":1,"minecraft:stone_slab":2,"minecraft:command_block":29,"minecraft:golden_shovel":11,"minecraft:chicken_spawn_egg":1,"minecraft:stick":20,"minecraft:diamond_sword":3,"minecraft:stone":5,"minecraft:torch":1,"minecraft:wooden_axe":6,"minecraft:quartz_block":58,"minecraft:glowstone":1,"minecraft:iron_door":2,"minecraft:red_tulip":68,"minecraft:redstone_block":50,"minecraft:redstone":1},"minecraft:mined":{"minecraft:structure_void":1},"minecraft:killed":{"minecraft:pig":1,"minecraft:creeper":1,"minecraft:sheep":3,"minecraft:skeleton":4,"minecraft:zombie":27,"minecraft:chicken":3,"minecraft:villager":8},"minecraft:custom":{"minecraft:mob_kills":99,"minecraft:play_one_minute":1089453,"minecraft:damage_dealt_resisted":53,"minecraft:leave_game":25,"minecraft:time_since_death":685280,"minecraft:time_since_rest":685329,"minecraft:sprint_one_cm":1062922,"minecraft:damage_taken":1740,"minecraft:walk_one_cm":897303,"minecraft:drop":228,"minecraft:damage_dealt":9266,"minecraft:talked_to_villager":85,"minecraft:fly_one_cm":7880072,"minecraft:crouch_one_cm":18966,"minecraft:deaths":6,"minecraft:sneak_time":15686,"minecraft:jump":8766,"minecraft:walk_on_water_one_cm":317,"minecraft:fall_one_cm":952},"minecraft:picked_up":{"minecraft:wooden_axe":5,"minecraft:barrier":1,"minecraft:feather":14,"minecraft:redstone_block":52,"minecraft:iron_door":3,"minecraft:structure_block":1,"minecraft:brown_wool":1,"minecraft:leather":322,"minecraft:stone_slab":2,"minecraft:diamond_sword":8,"minecraft:potato":1,"minecraft:gold_block":1,"minecraft:golden_shovel":26,"minecraft:dirt":12,"minecraft:armor_stand":2,"minecraft:sign":3,"minecraft:comparator":1,"minecraft:beef":658,"minecraft:light_gray_wool":1,"minecraft:minecart":12,"minecraft:iron_sword":4,"minecraft:stick":7,"minecraft:emerald_block":2,"minecraft:stone":4,"minecraft:pig_spawn_egg":4,"minecraft:torch":3,"minecraft:porkchop":95,"minecraft:redstone":1,"minecraft:diamond_block":5,"minecraft:chicken_spawn_egg":1,"minecraft:tnt":19,"minecraft:zombie_spawn_egg":5,"minecraft:quartz_block":58,"minecraft:stone_sword":13,"minecraft:command_block":13,"minecraft:rotten_flesh":128,"minecraft:lever":3,"minecraft:red_tulip":68,"minecraft:glowstone":1,"minecraft:gray_wool":1,"minecraft:gold_ingot":23,"minecraft:blaze_rod":11,"minecraft:black_wool":5,"minecraft:mutton":79,"minecraft:bricks":2,"minecraft:nether_star":5,"minecraft:white_wool":41},"minecraft:used":{"minecraft:oak_trapdoor":86,"minecraft:oak_fence":36,"minecraft:water_bucket":1,"minecraft:iron_bars":10,"minecraft:armor_stand":21,"minecraft:redstone":29,"minecraft:stone":2350,"minecraft:zombie_spawn_egg":1369,"minecraft:structure_void":4,"minecraft:sheep_spawn_egg":167,"minecraft:structure_block":1,"minecraft:oak_door":1,"minecraft:oak_leaves":5,"minecraft:white_wool":3,"minecraft:torch":101,"minecraft:diamond_block":2,"minecraft:dirt":77,"minecraft:anvil":1,"minecraft:comparator":6,"minecraft:skeleton_spawn_egg":369,"minecraft:golden_shovel":82,"minecraft:creeper_spawn_egg":3,"minecraft:wooden_axe":27,"minecraft:lever":13,"minecraft:black_wool":29,"minecraft:villager_spawn_egg":30,"minecraft:command_block":57,"minecraft:barrier":484,"minecraft:pig_spawn_egg":79,"minecraft:quartz_block":34,"minecraft:chicken_spawn_egg":36,"minecraft:sign":5,"minecraft:stone_slab":736,"minecraft:iron_door":2,"minecraft:fishing_rod":9,"minecraft:fire_charge":95,"minecraft:repeater":22,"minecraft:glowstone":478,"minecraft:diamond_sword":101,"minecraft:oak_sapling":11,"minecraft:coarse_dirt":261,"minecraft:bone_meal":36,"minecraft:experience_bottle":5}},"DataVersion":1631}