[
  {
    "Count":1,
    "Slot":1,
    "id":"minecraft:brown_mushroom",
    "tag":{
      "Unbreakable":1,
      "HideFlags":39,
      "display":{
        "Name":"{\"text\":\"Set Position 1\"}"
      }
    }
  },
  {
    "Count":1,
    "Slot":5,
    "id":"minecraft:paper",
    "tag":{
      "Unbreakable":1,
      "HideFlags":39,
      "display":{
        "Name":"{\"text\":\"Copy\"}",
        "Lore":["Copy the current selection in the clipboard"]
      }
    }
  },
  {
    "Count":1,
    "Slot":7,
    "id":"minecraft:structure_block",
    "tag":{
      "Unbreakable":1,
      "HideFlags":39,
      "display":{
        "Name":"{\"text\":\"Save As\"}",
        "Lore":["By clicking this you can save the current selection.","Just enter a name for it in the block underneath you"]
      }
    }
  },
  {
    "Count":1,
    "Slot":12,
    "id":"minecraft:structure_block",
    "tag":{
      "Unbreakable":1,
      "HideFlags":39,
      "display":{
        "Name":"{\"text\":\"Worldedit Copy and Paste Tool\"}"
      }
    }
  },
  {
    "Count":1,
    "Slot":14,
    "id":"minecraft:book",
    "tag":{
      "Enchantments":[{"id":6,"lvl":1}],
      "Unbreakable":1,
      "HideFlags":39,
      "display":{
        "Name":"{\"text\":\"Paste\"}"
      }
    }
  },
  {
    "Count":1,
    "Slot":16,
    "id":"minecraft:structure_block",
    "tag":{
      "Enchantments":[{"id":6,"lvl":1}],
      "Unbreakable":1,
      "HideFlags":39,
      "display":{
        "Name":"{\"text\":\"Load Structure\"}",
        "Lore":["By clicking this you load again a previous saved structure.","Also just enter a name for it in the block underneath you"]
      }
    }
  },
  {"Count":1,
    "Slot":19,
    "id":"minecraft:red_mushroom",
    "tag":{
      "Unbreakable":1,
      "HideFlags":39,
      "display":{
        "Name":"{\"text\":\"Set Position 2\"}"
      }
    }
  },
  {"Count":1,
    "Slot":21,
    "id":"minecraft:fishing_rod",
    "tag":{
      "Enchantments":[{"id":6,"lvl":1}],
      "Unbreakable":1b,
      "HideFlags":39,
      "display":{
        "Name":"{\"text\":\"Worldedit Paste Brush\"}",
        "Lore":["§aTool [1 of 8]"]
      }
    }
  },
  {
    "Count":1,
    "Slot":23,
    "id":"minecraft:book",
    "tag":{
      "Unbreakable":1,
      "HideFlags":39,
      "display":{
        "Name":"{\"text\":\"Paste Here\"}"
      }
    }
  },{
    "Count":1,
    "Slot":25,
    "id":"minecraft:arrow",
    "tag":{
      "Unbreakable":1,
      "HideFlags":39,
      "display":{
        "Name":"{\"text\":\"Open Stack Menu\"}"
      }
    }
  }
  ]
