[
  {
    "Count":1,
    "Slot":0,
    "id":"minecraft:barrier",
    "tag":{
      "display":{
        "Name":"{\"text\":\"<- Back\"}"
      }
    }
  },{
    "Count": 1,
    "Slot": 2,
    "id": "minecraft:white_banner",
    "tag": {
      "Unbreakable": 1,
      "HideFlags": 39,
      "display": {
        "Name": "{\"text\":\"+\"}"
      },
      "RepairCost": 0,
      "BlockEntityTag": {
        "Patterns": [
          {
            "Pattern": "ts",
            "Color": 15
          },
          {
            "Pattern": "cs",
            "Color": 15
          },
          {
            "Pattern": "cbo",
            "Color": 0
          }
        ]
      }
    }
  },
  {
    "Count": 1,
    "Slot": 4,
    "id": "minecraft:writable_book",
    "tag": {
      "Unbreakable": 1,
      "HideFlags": 39,
      "display": {
        "Name": "{\"text\":\"Welcome to the stack menu!\"}",
        "Lore":["Here you can stack the selection, rotate or mirror it"]
      }
    }
  },
  {
    "Count":1,
    "Slot":7,
    "id":"minecraft:lever",
    "tag":{
      "Unbreakable":1,
      "HideFlags":39,
      "display":{
        "Name":"{\"text\":\"Stack Upwards\"}"
      }
    }
  },
  {
    "Count": 1,
    "Slot": 11,
    "id": "minecraft:white_stained_glass_pane",
    "tag": {
      "Unbreakable": 1,
      "HideFlags": 39,
      "display": {
        "Name": "{\"text\":\"Stack amount\"}"
      }
    }
  },
  {
    "Count":1,
    "Slot":16,
    "id":"minecraft:tripwire_hook",
    "tag":{
      "Unbreakable":1,
      "HideFlags":39,
      "display":{
        "Name":"{\"text\":\"Stack Downwards\"}"      }
    }
  },
  {
    "Count": 1,
    "Slot": 20,
    "id": "minecraft:white_banner",
    "tag": {
      "Unbreakable": 1,
      "HideFlags": 39,
      "display": {
        "Name": "{\"text\":\"--\"}"
      },
      "RepairCost": 0,
      "BlockEntityTag": {
        "Patterns": [
          {
            "Pattern": "bs",
            "Color": 15
          },
          {
            "Pattern": "cs",
            "Color": 15
          },
          {
            "Pattern": "cbo",
            "Color": 0
          }
        ]
      }
    }
  },
  {
    "Count": 1,
    "Slot": 22,
    "id": "minecraft:structure_void",
    "tag": {
      "Unbreakable": 1,
      "HideFlags": 39,
      "display": {
        "Name": "{\"text\":\"Mirror\"}",
        "Lore":["None"]
      }
    }
  },
  {
    "Count": 1,
    "Slot": 23,
    "id": "minecraft:structure_void",
    "tag": {
      "Unbreakable": 1,
      "HideFlags": 39,
      "display": {
        "Name": "{\"text\":\"Rotate by\"}",
        "Lore":["0°"]
      }
    }
  },
  {
    "Count":1,
    "Slot":25,
    "id":"minecraft:turtle_egg",
    "tag":{
      "Unbreakable":1,
      "HideFlags":39,
      "display":{
        "Name":"{\"text\":\"Stack in the facing direction\"}"
      }
    }
  }
]
